{"cameraMode":{"drawMode":0,"name":"Shaded","section":"Shading Mode"},"sceneLighting":false,"audioPlay":false,"sceneViewState":{"showFog":true,"showMaterialUpdate":false,"showSkybox":false,"showFlares":true,"showImageEffects":true,"showParticleSystems":true},"in2DMode":false,"pivot":{"x":0.0,"y":0.000002850079908967018,"z":-0.000011180003639310598},"rotation":{"x":0.08444900065660477,"y":0.8328778147697449,"z":-0.1325380802154541,"w":0.5306835770606995},"size":0.0014171417569741607,"orthographic":false}