{"cameraMode":{"drawMode":0,"name":"Shaded","section":"Shading Mode"},"sceneLighting":false,"audioPlay":false,"sceneViewState":{"showFog":true,"showMaterialUpdate":false,"showSkybox":false,"showFlares":true,"showImageEffects":true,"showParticleSystems":true},"in2DMode":false,"pivot":{"x":-0.000049948692321777344,"y":2.76261043548584,"z":-0.15234029293060304},"rotation":{"x":0.06459862738847733,"y":0.66913902759552,"z":-0.05857149884104729,"w":0.7380073070526123},"size":4.4930195808410648,"orthographic":false}